# Lakes of Nepal,,,,,,,,,,,,,,,,,,,,,,,,,,,,
# Source: https://en.wikipedia.org/wiki/List_of_lakes_of_Nepal,,,,,,,,,,,,,,,,,,,,,,,,,,,,
,,,,,,,,,,,,,,,,,,,,,,,,,,,,
Achham,,,,,,,,,,,,,,,,,,,,,,,,,,,,
,,,,,,,,,,,,,,,,,,,,,,,,,,,,
,Khaptad,,,,,,,,,,,,,,,,,,,,,,,,,,,
,Ramaroshan,,,,,,,,,,,,,,,,,,,,,,,,,,,
,Kalidaha,,,,,,,,,,,,,,,,,,,,,,,,,,,
,Batulee,,,,,,,,,,,,,,,,,,,,,,,,,,,
,Barha Banda Aathara Khanada,,,,,,,,,,,,,,,,,,,,,,,,,,,
,,,,,,,,,,,,,,,,,,,,,,,,,,,,
Baitadi,,,,,,,,,,,,,,,,,,,,,,,,,,,,
,,,,,,,,,,,,,,,,,,,,,,,,,,,,
,,,,,,,,,,,,,,,,,,,,,,,,,,,,
,,,,,,,,,,,,,,,,,,,,,,,,,,,,
Bajhang,,,,,,,,,,,,,,,,,,,,,,,,,,,,
,,,,,,,,,,,,,,,,,,,,,,,,,,,,
,Surma Sarovar,,,,,,,,,,,,,,,,,,,,,,,,,,,
,Tima daha,,,,,,,,,,,,,,,,,,,,,,,,,,,
,,,,,,,,,,,,,,,,,,,,,,,,,,,,
Bajura,,,,,,,,,,,,,,,,,,,,,,,,,,,,
,,,,,,,,,,,,,,,,,,,,,,,,,,,,
,Chhede,daha,,,,,,,,,,,,,,,,,,,,,,,,,,
,Budhinanda,,,,,,,,,,,,,,,,,,,,,,,,,,,
,Kailash,Tal,,,,,,,,,,,,,,,,,,,,,,,,,,
,Rakshyas,,,,,,,,,,,,,,,,,,,,,,,,,,,
,Masta,daha,,,,,,,,,,,,,,,,,,,,,,,,,,
,,,,,,,,,,,,,,,,,,,,,,,,,,,,
Banke,,,,,,,,,,,,,,,,,,,,,,,,,,,,
,,,,,,,,,,,,,,,,,,,,,,,,,,,,
,Bageshwari,Talau,,,,,,,,,,,,,,,,,,,,,,,,,,
,Rani,Talau,,,,,,,,,,,,,,,,,,,,,,,,,,
,Waterpark,,,,,,,,,,,,,,,,,,,,,,,,,,,
,,,,,,,,,,,,,,,,,,,,,,,,,,,,
Bara,,,,,,,,,,,,,,,,,,,,,,,,,,,,
,,,,,,,,,,,,,,,,,,,,,,,,,,,,
,Gadiganga,Taal,,,,,,,,,,,,,,,,,,,,,,,,,,
,Halkhoria,Lake,,,,,,,,,,,,,,,,,,,,,,,,,,
,Ishara,Pokhari,,,,,,,,,,,,,,,,,,,,,,,,,,
,Jharkhuria,Lake,,,,,,,,,,,,,,,,,,,,,,,,,,
,Kamini,Daha,,,,,,,,,,,,,,,,,,,,,,,,,,
,Ramjanaki,Pokhari,,,,,,,,,,,,,,,,,,,,,,,,,,
,Sohiri,Lake,,,,,,,,,,,,,,,,,,,,,,,,,,
,,,,,,,,,,,,,,,,,,,,,,,,,,,,
Bardiya,,,,,,,,,,,,,,,,,,,,,,,,,,,,
,,,,,,,,,,,,,,,,,,,,,,,,,,,,
,Badhaiya,Taal,,,,,,,,,,,,,,,,,,,,,,,,,,
,,,,,,,,,,,,,,,,,,,,,,,,,,,,
Bhaktapur,,,,,,,,,,,,,,,,,,,,,,,,,,,,
,,,,,,,,,,,,,,,,,,,,,,,,,,,,
,Kamal,Pokhari,,,,,,,,,,,,,,,,,,,,,,,,,,
,Naag,Pokhari,,,,,,,,,,,,,,,,,,,,,,,,,,
,Nu,Pukhu,,,,,,,,,,,,,,,,,,,,,,,,,,
,Bodegaun,Ponds,,,,,,,,,,,,,,,,,,,,,,,,,,
,Siddha,Pokhari,,,,,,,,,,,,,,,,,,,,,,,,,,
,,,,,,,,,,,,,,,,,,,,,,,,,,,,
Bhojpur,,,,,,,,,,,,,,,,,,,,,,,,,,,,
,,,,,,,,,,,,,,,,,,,,,,,,,,,,
,Chyangre,Pokhari,(Panchakanya,Pokhari),,,,,,,,,,,,,,,,,,,,,,,,
,Haas,Pokhari,,,,,,,,,,,,,,,,,,,,,,,,,,
,Kal,pokhari,,,,,,,,,,,,,,,,,,,,,,,,,,
,Manedanda,Pokhari,,,,,,,,,,,,,,,,,,,,,,,,,,
,Nira,Pokhari,,,,,,,,,,,,,,,,,,,,,,,,,,
,Salpa,Pokhari,,,,,,,,,,,,,,,,,,,,,,,,,,
,,,,,,,,,,,,,,,,,,,,,,,,,,,,
Chitwan,,,,,,,,,,,,,,,,,,,,,,,,,,,,
,,,,,,,,,,,,,,,,,,,,,,,,,,,,
,Anjana,Taal,,,,,,,,,,,,,,,,,,,,,,,,,,
,Baikunthe,Taal,,,,,,,,,,,,,,,,,,,,,,,,,,
,Bishazari,Tal(Ramsar,Site),,,,,,,,,,,,,,,,,,,,,,,,,
,Chepang,Taal,,,,,,,,,,,,,,,,,,,,,,,,,,
,Chisapani,taal,,,,,,,,,,,,,,,,,,,,,,,,,,
,Gaduwa,taal,,,,,,,,,,,,,,,,,,,,,,,,,,
,Ghaila,Taal,,,,,,,,,,,,,,,,,,,,,,,,,,
,Kasara,Taal,,,,,,,,,,,,,,,,,,,,,,,,,,
,Khageri,Dam,,,,,,,,,,,,,,,,,,,,,,,,,,
,Nanda,Vauju,taal,,,,,,,,,,,,,,,,,,,,,,,,,
,Rani,Pokhari,,,,,,,,,,,,,,,,,,,,,,,,,,
,Rhino,Taal,,,,,,,,,,,,,,,,,,,,,,,,,,
,Tamorghaila,Taal,,,,,,,,,,,,,,,,,,,,,,,,,,
,Tikauli,Taal,,,,,,,,,,,,,,,,,,,,,,,,,,
,,,,,,,,,,,,,,,,,,,,,,,,,,,,
Dadeldhura,,,,,,,,,,,,,,,,,,,,,,,,,,,,
,,,,,,,,,,,,,,,,,,,,,,,,,,,,
,Ali,Taal(Dadeldhura),(Lake),,,,,,,,,,,,,,,,,,,,,,,,,
,Bodapathi,Tal,(Lake),,,,,,,,,,,,,,,,,,,,,,,,,
,Nayal,Tal,(Lake),,,,,,,,,,,,,,,,,,,,,,,,,
,,,,,,,,,,,,,,,,,,,,,,,,,,,,
Dailekh,,,,,,,,,,,,,,,,,,,,,,,,,,,,
,,,,,,,,,,,,,,,,,,,,,,,,,,,,
,kunya,lake,,,,,,,,,,,,,,,,,,,,,,,,,,
,,,,,,,,,,,,,,,,,,,,,,,,,,,,
Dang,,,,,,,,,,,,,,,,,,,,,,,,,,,,
,,,,,,,,,,,,,,,,,,,,,,,,,,,,
,Jyamire,Taal,,,,,,,,,,,,,,,,,,,,,,,,,,
,Barhakune,Daha,,,,,,,,,,,,,,,,,,,,,,,,,,
,Charinge,Daha,,,,,,,,,,,,,,,,,,,,,,,,,,
,Gaurigaun,Taal,,,,,,,,,,,,,,,,,,,,,,,,,,
,Jakhera,Picnic,Spot,,,,,,,,,,,,,,,,,,,,,,,,,
,Bhote,Daha,,,,,,,,,,,,,,,,,,,,,,,,,,
,Kichkanni,Taal,,,,,,,,,,,,,,,,,,,,,,,,,,
,,,,,,,,,,,,,,,,,,,,,,,,,,,,
Darchula,,,,,,,,,,,,,,,,,,,,,,,,,,,,
,,,,,,,,,,,,,,,,,,,,,,,,,,,,
,Brahama,Daha,,,,,,,,,,,,,,,,,,,,,,,,,,
,Pasa,Daha,,,,,,,,,,,,,,,,,,,,,,,,,,
,,,,,,,,,,,,,,,,,,,,,,,,,,,,
Dhading,,,,,,,,,,,,,,,,,,,,,,,,,,,,
,,,,,,,,,,,,,,,,,,,,,,,,,,,,
,Ganga,Jamuna,Tal,,,,,,,,,,,,,,,,,,,,,,,,,
,,,,,,,,,,,,,,,,,,,,,,,,,,,,
Dhankuta,,,,,,,,,,,,,,,,,,,,,,,,,,,,
,,,,,,,,,,,,,,,,,,,,,,,,,,,,
,Marga,Pokhari,,,,,,,,,,,,,,,,,,,,,,,,,,
,Rani,Taal,,,,,,,,,,,,,,,,,,,,,,,,,,
,,,,,,,,,,,,,,,,,,,,,,,,,,,,
Dhanusha,,,,,,,,,,,,,,,,,,,,,,,,,,,,
,,,,,,,,,,,,,,,,,,,,,,,,,,,,
,Aagni,Kund,,,,,,,,,,,,,,,,,,,,,,,,,,
,Angraj,Sar,,,,,,,,,,,,,,,,,,,,,,,,,,
,Beeshahara,Sagar,,,,,,,,,,,,,,,,,,,,,,,,,,
,Bihar,Kunda,,,,,,,,,,,,,,,,,,,,,,,,,,
,Bindhichowk,Pokhari,,,,,,,,,,,,,,,,,,,,,,,,,,
,Biral,Sagar,,,,,,,,,,,,,,,,,,,,,,,,,,
,Chapkai,Pokhari,,,,,,,,,,,,,,,,,,,,,,,,,,
,Devpura,Lake,,,,,,,,,,,,,,,,,,,,,,,,,,
,Dhanu,Sagar,,,,,,,,,,,,,,,,,,,,,,,,,,
,Ganga,Sagar,,,,,,,,,,,,,,,,,,,,,,,,,,
,Gautam,Sarobar,,,,,,,,,,,,,,,,,,,,,,,,,,
,Ithi,Pokhari,,,,,,,,,,,,,,,,,,,,,,,,,,
,Kapalmochani,Sagar,,,,,,,,,,,,,,,,,,,,,,,,,,
,Kuti,Pokhari,,,,,,,,,,,,,,,,,,,,,,,,,,
,Laski,Pokhari,(Shiva,Sagar),,,,,,,,,,,,,,,,,,,,,,,,
,Maharaj,Sagar,,,,,,,,,,,,,,,,,,,,,,,,,,
,Manipal,Taal,,,,,,,,,,,,,,,,,,,,,,,,,,
,Murali,Sagar,,,,,,,,,,,,,,,,,,,,,,,,,,
,Parseni,Sagar,,,,,,,,,,,,,,,,,,,,,,,,,,
,Rukmini,Sagar,,,,,,,,,,,,,,,,,,,,,,,,,,
,Singrahi,Lake,,,,,,,,,,,,,,,,,,,,,,,,,,
,Subbaji,Pokhari,,,,,,,,,,,,,,,,,,,,,,,,,,
,Tarahi,Pokhari,(Laksman,Sar),,,,,,,,,,,,,,,,,,,,,,,,
,,,,,,,,,,,,,,,,,,,,,,,,,,,,
Dolakha,,,,,,,,,,,,,,,,,,,,,,,,,,,,
,,,,,,,,,,,,,,,,,,,,,,,,,,,,
,Jata,Pokhari,,,,,,,,,,,,,,,,,,,,,,,,,,
,Shiva,Pokhari,,,,,,,,,,,,,,,,,,,,,,,,,,
,Simpani,Pokhari,,,,,,,,,,,,,,,,,,,,,,,,,,
,Thuli,Pokhari,,,,,,,,,,,,,,,,,,,,,,,,,,
,Cho-Rolpa,Lake,,,,,,,,,,,,,,,,,,,,,,,,,,
,,,,,,,,,,,,,,,,,,,,,,,,,,,,
Doti,,,,,,,,,,,,,,,,,,,,,,,,,,,,
,,,,,,,,,,,,,,,,,,,,,,,,,,,,
,Khaptad,Lake,,,,,,,,,,,,,,,,,,,,,,,,,,
,Ali,Taal(Dadeldhura),,,,,,,,,,,,,,,,,,,,,,,,,,
,Chatiwan,Lake,,,,,,,,,,,,,,,,,,,,,,,,,,
,,,,,,,,,,,,,,,,,,,,,,,,,,,,
Ilam,,,,,,,,,,,,,,,,,,,,,,,,,,,,
,,,,,,,,,,,,,,,,,,,,,,,,,,,,
,Aahal,Pokhari,,,,,,,,,,,,,,,,,,,,,,,,,,
,Antu,Pokhari,,,,,,,,,,,,,,,,,,,,,,,,,,
,Bijay,pokhari,,,,,,,,,,,,,,,,,,,,,,,,,,
,Dhap,Pokhari,(,The,largest,lake,in,Ilam),,,,,,,,,,,,,,,,,,,,
,Gore,Pokhari,(Seti,Devi),,,,,,,,,,,,,,,,,,,,,,,,
,Jor,Pokhari,,,,,,,,,,,,,,,,,,,,,,,,,,
,Jhyau,Pokhari,,,,,,,,,,,,,,,,,,,,,,,,,,
,Mai,Pokhari,,,,,,,,,,,,,,,,,,,,,,,,,,
,Suke,Pokhari,,,,,,,,,,,,,,,,,,,,,,,,,,
,Uttare,Pokhari,,,,,,,,,,,,,,,,,,,,,,,,,,
,,,,,,,,,,,,,,,,,,,,,,,,,,,,
Jhapa,,,,,,,,,,,,,,,,,,,,,,,,,,,,
,,,,,,,,,,,,,,,,,,,,,,,,,,,,
,Lajeko,Badh,,,,,,,,,,,,,,,,,,,,,,,,,,
,Arna,Khadi,,,,,,,,,,,,,,,,,,,,,,,,,,
,Indreni,Tal,,,,,,,,,,,,,,,,,,,,,,,,,,
,Mahadev,Than,Badh,,,,,,,,,,,,,,,,,,,,,,,,,
,Dadagaun,Badh,,,,,,,,,,,,,,,,,,,,,,,,,,
,Dudamari,Badh,(I),,,,,,,,,,,,,,,,,,,,,,,,,
,Dudamari,Badh,(II),Kunwar,Tol,,,,,,,,,,,,,,,,,,,,,,,
,Lahure,Badh,,,,,,,,,,,,,,,,,,,,,,,,,,
,Katahare,Badh,,,,,,,,,,,,,,,,,,,,,,,,,,
,Pagari,Badh,,,,,,,,,,,,,,,,,,,,,,,,,,
,Banyani,Badh,,,,,,,,,,,,,,,,,,,,,,,,,,
,Devi,Paini,,,,,,,,,,,,,,,,,,,,,,,,,,
,Deunia,Khadi,,,,,,,,,,,,,,,,,,,,,,,,,,
,Pathriya,Khadi,,,,,,,,,,,,,,,,,,,,,,,,,,
,Kechana,Rani,Pokhari,,,,,,,,,,,,,,,,,,,,,,,,,
,Dhanusha,Pokhari,,,,,,,,,,,,,,,,,,,,,,,,,,
,Arjundhara,,,,,,,,,,,,,,,,,,,,,,,,,,,
,Jamunkhadi,,,,,,,,,,,,,,,,,,,,,,,,,,,
,Dhamala,Badh,,,,,,,,,,,,,,,,,,,,,,,,,,
,,,,,,,,,,,,,,,,,,,,,,,,,,,,
Khotang,,,,,,,,,,,,,,,,,,,,,,,,,,,,
,,,,,,,,,,,,,,,,,,,,,,,,,,,,
,Bane,Pokhari,,,,,,,,,,,,,,,,,,,,,,,,,,
,Baraha,Pokhari,,,,,,,,,,,,,,,,,,,,,,,,,,
,Chhitta,Pokhari,,,,,,,,,,,,,,,,,,,,,,,,,,
,Homma,Pokhari,,,,,,,,,,,,,,,,,,,,,,,,,,
,Indreni,Pokhari,,,,,,,,,,,,,,,,,,,,,,,,,,
,Kaali,Pokhari,,,,,,,,,,,,,,,,,,,,,,,,,,
,Laamche,Pokhari,,,,,,,,,,,,,,,,,,,,,,,,,,
,,,,,,,,,,,,,,,,,,,,,,,,,,,,
Morang,,,,,,,,,,,,,,,,,,,,,,,,,,,,
,,,,,,,,,,,,,,,,,,,,,,,,,,,,
,imja,,,,,,,,,,,,,,,,,,,,,,,,,,,
,Rani,Pokhari,Katahari,,,,,,,,,,,,,,,,,,,,,,,,,
,Raja,Rani,Pokhari,,,,,,,,,,,,,,,,,,,,,,,,,
,Sunbarsi,Pokhari,,,,,,,,,,,,,,,,,,,,,,,,,,
,,,,,,,,,,,,,,,,,,,,,,,,,,,,
Okhaldhunga,,,,,,,,,,,,,,,,,,,,,,,,,,,,
,,,,,,,,,,,,,,,,,,,,,,,,,,,,
,None,,,,,,,,,,,,,,,,,,,,,,,,,,,
,,,,,,,,,,,,,,,,,,,,,,,,,,,,
Panchthar,,,,,,,,,,,,,,,,,,,,,,,,,,,,
,,,,,,,,,,,,,,,,,,,,,,,,,,,,
,Hile,Pokhari,,,,,,,,,,,,,,,,,,,,,,,,,,
,Suke,Pokhari,,,,,,,,,,,,,,,,,,,,,,,,,,
,Gunte,Pokhari,,,,,,,,,,,,,,,,,,,,,,,,,,
,Harkote,Pokhari,,,,,,,,,,,,,,,,,,,,,,,,,,
,Lam,Pokhari,,,,,,,,,,,,,,,,,,,,,,,,,,
,Dabala,Pokhari,,,,,,,,,,,,,,,,,,,,,,,,,,
,Jor,Pokhari,A,,,,,,,,,,,,,,,,,,,,,,,,,
,Jor,Pokhari,B,,,,,,,,,,,,,,,,,,,,,,,,,
,Suke,Pokhari,B,,,,,,,,,,,,,,,,,,,,,,,,,
,,,,,,,,,,,,,,,,,,,,,,,,,,,,
Sankhuwasabha,,,,,,,,,,,,,,,,,,,,,,,,,,,,
,,,,,,,,,,,,,,,,,,,,,,,,,,,,
,Ghante,Pokhari,,,,,,,,,,,,,,,,,,,,,,,,,,
,Lam,Pokhari,,,,,,,,,,,,,,,,,,,,,,,,,,
,Gupha,Pokhari,,,,,,,,,,,,,,,,,,,,,,,,,,
,Panch,Pokhari,,,,,,,,,,,,,,,,,,,,,,,,,,
,Lampokhari,,,,,,,,,,,,,,,,,,,,,,,,,,,
,Khopi,Pokhari,,,,,,,,,,,,,,,,,,,,,,,,,,
,Savapokhari,,,,,,,,,,,,,,,,,,,,,,,,,,,
,Bhute,Pokhari,,,,,,,,,,,,,,,,,,,,,,,,,,
,Jaljala,Pokhari,,,,,,,,,,,,,,,,,,,,,,,,,,
,Baulaha,Pokhari,,,,,,,,,,,,,,,,,,,,,,,,,,
,PachPokhari,,,,,,,,,,,,,,,,,,,,,,,,,,,
,Ratto,Pokhari,,,,,,,,,,,,,,,,,,,,,,,,,,
,Dudhpokhari,,,,,,,,,,,,,,,,,,,,,,,,,,,
,Siddhapokhari,,,,,,,,,,,,,,,,,,,,,,,,,,,
,Sano,Pokhari,,,,,,,,,,,,,,,,,,,,,,,,,,
,Thulo,Pokhari,,,,,,,,,,,,,,,,,,,,,,,,,,
,Tato,Chhanju,Pokhri,,,,,,,,,,,,,,,,,,,,,,,,,
,Banduke,Pokhari,,,,,,,,,,,,,,,,,,,,,,,,,,
,KalPokhaari,,,,,,,,,,,,,,,,,,,,,,,,,,,
,Akle,Pokhari,,,,,,,,,,,,,,,,,,,,,,,,,,
,Tinpokhari,,,,,,,,,,,,,,,,,,,,,,,,,,,
,Nunriri,Pokhari,,,,,,,,,,,,,,,,,,,,,,,,,,
,Khuisi,Pokhari,,,,,,,,,,,,,,,,,,,,,,,,,,
,Metalung,Pokhari,,,,,,,,,,,,,,,,,,,,,,,,,,
,Thampokhari,,,,,,,,,,,,,,,,,,,,,,,,,,,
,Sadhu,Pokhari,,,,,,,,,,,,,,,,,,,,,,,,,,
,Thulo,Tatopni,Spring,(Nundhaki),,,,,,,,,,,,,,,,,,,,,,,,
,,,,,,,,,,,,,,,,,,,,,,,,,,,,
Saptari,,,,,,,,,,,,,,,,,,,,,,,,,,,,
,,,,,,,,,,,,,,,,,,,,,,,,,,,,
,Kamal,Daha,,,,,,,,,,,,,,,,,,,,,,,,,,
,Jhola,Daha,(Gopit,Ganga),,,,,,,,,,,,,,,,,,,,,,,,
,Lohajara,Thakur,Daha,,,,,,,,,,,,,,,,,,,,,,,,,
,Purni,Pokhari,,,,,,,,,,,,,,,,,,,,,,,,,,
,Sakuwayi,Pokhari,,,,,,,,,,,,,,,,,,,,,,,,,,
,Singaya,Dhar,,,,,,,,,,,,,,,,,,,,,,,,,,
,Singrahi,Pokhari,,,,,,,,,,,,,,,,,,,,,,,,,,
,Thani,Pokhari,,,,,,,,,,,,,,,,,,,,,,,,,,
,Bagmohi,Nadi,,,,,,,,,,,,,,,,,,,,,,,,,,
,Mutni,Nadi,,,,,,,,,,,,,,,,,,,,,,,,,,
,Ghordha,Nadi,,,,,,,,,,,,,,,,,,,,,,,,,,
,Khadak,Nadi,,,,,,,,,,,,,,,,,,,,,,,,,,
,Khado,Nadi,,,,,,,,,,,,,,,,,,,,,,,,,,
,Balan,Nadi,,,,,,,,,,,,,,,,,,,,,,,,,,
,,,,,,,,,,,,,,,,,,,,,,,,,,,,
Siraha,,,,,,,,,,,,,,,,,,,,,,,,,,,,
,,,,,,,,,,,,,,,,,,,,,,,,,,,,
,Aada,Pokhari,,,,,,,,,,,,,,,,,,,,,,,,,,
,Baban,Tol,Pokhari,,,,,,,,,,,,,,,,,,,,,,,,,
,Beli,Pokhari,,,,,,,,,,,,,,,,,,,,,,,,,,
,Bishnupur,Pokhari,,,,,,,,,,,,,,,,,,,,,,,,,,
,Dewal,Pokhari,,,,,,,,,,,,,,,,,,,,,,,,,,
,Kamal,Daha,,,,,,,,,,,,,,,,,,,,,,,,,,
,Mahadev,Pokhari,,,,,,,,,,,,,,,,,,,,,,,,,,
,Manik,Daha,,,,,,,,,,,,,,,,,,,,,,,,,,
,Narahiya,Pokhari,,,,,,,,,,,,,,,,,,,,,,,,,,
,Naya,Bandh,,,,,,,,,,,,,,,,,,,,,,,,,,
,Patari,Pokhari,,,,,,,,,,,,,,,,,,,,,,,,,,
,Purni,Pokhari,,,,,,,,,,,,,,,,,,,,,,,,,,
,Rajdevi,Pokhari,,,,,,,,,,,,,,,,,,,,,,,,,,
,Bhabari,baisakha,dah,,,,,,,,,,,,,,,,,,,,,,,,,
,,,,,,,,,,,,,,,,,,,,,,,,,,,,
Solukhumbu,,,,,,,,,,,,,,,,,,,,,,,,,,,,
,,,,,,,,,,,,,,,,,,,,,,,,,,,,
,Phurke,Pokhari,,,,,,,,,,,,,,,,,,,,,,,,,,
,Suke,Pokhari,,,,,,,,,,,,,,,,,,,,,,,,,,
,Gokyo,Lake,Series,(Ramsar,Site),,,,,,,,,,,,,,,,,,,,,,,
,,,,,,,,,,,,,,,,,,,,,,,,,,,,
Sunsari,,,,,,,,,,,,,,,,,,,,,,,,,,,,
,,,,,,,,,,,,,,,,,,,,,,,,,,,,
,Barju,Taal,,,,,,,,,,,,,,,,,,,,,,,,,,
,Daita,Pokhari,,,,,,,,,,,,,,,,,,,,,,,,,,
,Magar,Daha,,,,,,,,,,,,,,,,,,,,,,,,,,
,Ra-Sa,Taal,,,,,,,,,,,,,,,,,,,,,,,,,,
,Ramdhuni,in,ikrai(Rupesh,Gupta's,village),Sunsari.,,,,,,,,,,,,,,,,,,,,,,
,Taal,"Talaiya,",Itahari,,,,,,,,,,,,,,,,,,,,,,,,,
,,,,,,,,,,,,,,,,,,,,,,,,,,,,
Taplejung,,,,,,,,,,,,,,,,,,,,,,,,,,,,
,,,,,,,,,,,,,,,,,,,,,,,,,,,,
,Kali,Pokhari,'A',,,,,,,,,,,,,,,,,,,,,,,,,
,Kali,Pokhari,'B',,,,,,,,,,,,,,,,,,,,,,,,,
,Suke,Pokhari,,,,,,,,,,,,,,,,,,,,,,,,,,
,,,,,,,,,,,,,,,,,,,,,,,,,,,,
Tehrathum,,,,,,,,,,,,,,,,,,,,,,,,,,,,
,,,,,,,,,,,,,,,,,,,,,,,,,,,,
,Chichiling,Pokhari,,,,,,,,,,,,,,,,,,,,,,,,,,
,Panchakanya,Chhather,Pokhari,,,,,,,,,,,,,,,,,,,,,,,,,
,Mudke,Aahal,,,,,,,,,,,,,,,,,,,,,,,,,,
,Marga,Pokhari,,,,,,,,,,,,,,,,,,,,,,,,,,
,,,,,,,,,,,,,,,,,,,,,,,,,,,,
Udayapur,,,,,,,,,,,,,,,,,,,,,,,,,,,,
,,,,,,,,,,,,,,,,,,,,,,,,,,,,
,Belha,Gavi,,,,,,,,,,,,,,,,,,,,,,,,,,
,Dhar,Pokhari,,,,,,,,,,,,,,,,,,,,,,,,,,
,Rautamai,Pokhari,,,,,,,,,,,,,,,,,,,,,,,,,,
,Taple,Pokhari,,,,,,,,,,,,,,,,,,,,,,,,,,
,,,,,,,,,,,,,,,,,,,,,,,,,,,,
Kathmandu,,,,,,,,,,,,,,,,,,,,,,,,,,,,
,,,,,,,,,,,,,,,,,,,,,,,,,,,,
,Gahana,Pokhari,,,,,,,,,,,,,,,,,,,,,,,,,,
,Ikha,Pokhari,,,,,,,,,,,,,,,,,,,,,,,,,,
,Kamal,Pokhari,,,,,,,,,,,,,,,,,,,,,,,,,,
,Naag,Pokhari,,,,,,,,,,,,,,,,,,,,,,,,,,
,Rani,Pokhari,,,,,,,,,,,,,,,,,,,,,,,,,,
,Taudaha,,,,,,,,,,,,,,,,,,,,,,,,,,,
,,,,,,,,,,,,,,,,,,,,,,,,,,,,
Kavreplanchowk,,,,,,,,,,,,,,,,,,,,,,,,,,,,
,,,,,,,,,,,,,,,,,,,,,,,,,,,,
Lalitpur,,,,,,,,,,,,,,,,,,,,,,,,,,,,
,,,,,,,,,,,,,,,,,,,,,,,,,,,,
,Boje,Pokhari,,,,,,,,,,,,,,,,,,,,,,,,,,
,Boke,Daha,,,,,,,,,,,,,,,,,,,,,,,,,,
,Godavari,Kunda,,,,,,,,,,,,,,,,,,,,,,,,,,
,Lagankhel,Pokhari,,,,,,,,,,,,,,,,,,,,,,,,,,
,Naag,Daha,,,,,,,,,,,,,,,,,,,,,,,,,,
,Pimbahal,Pokhari,,,,,,,,,,,,,,,,,,,,,,,,,,
,Zoo,Pokhari,,,,,,,,,,,,,,,,,,,,,,,,,,
,,,,,,,,,,,,,,,,,,,,,,,,,,,,
Mahottari,,,,,,,,,,,,,,,,,,,,,,,,,,,,
,,,,,,,,,,,,,,,,,,,,,,,,,,,,
,Bramhasthan,Pokhari,,,,,,,,,,,,,,,,,,,,,,,,,,
,Dami,Madai,Pokhari,,,,,,,,,,,,,,,,,,,,,,,,,
,Gotman,Sagar,,,,,,,,,,,,,,,,,,,,,,,,,,
,Mahadev,Pokhari,,,,,,,,,,,,,,,,,,,,,,,,,,
,Naini,Pokhari,,,,,,,,,,,,,,,,,,,,,,,,,,
,Purni,Pokhari,,,,,,,,,,,,,,,,,,,,,,,,,,
,Rani,Pokhari,,,,,,,,,,,,,,,,,,,,,,,,,,
,Satuniya,Pokhari,,,,,,,,,,,,,,,,,,,,,,,,,,
,Sukhdev,Pokhari,,,,,,,,,,,,,,,,,,,,,,,,,,
,Telia,Pokhari,,,,,,,,,,,,,,,,,,,,,,,,,,
,Thari,Pokhari,,,,,,,,,,,,,,,,,,,,,,,,,,
,Tharuhai,Pokhari,,,,,,,,,,,,,,,,,,,,,,,,,,
,Sanshar,pokhari,,,,,,,,,,,,,,,,,,,,,,,,,,
,,,,,,,,,,,,,,,,,,,,,,,,,,,,
Makwanpur,,,,,,,,,,,,,,,,,,,,,,,,,,,,
,,,,,,,,,,,,,,,,,,,,,,,,,,,,
,Kulekhani,Reservoir,(Indra,Sarobar),,,,,,,,,,,,,,,,,,,,,,,,
,,,,,,,,,,,,,,,,,,,,,,,,,,,,
Nuwakot,,,,,,,,,,,,,,,,,,,,,,,,,,,,
,,,,,,,,,,,,,,,,,,,,,,,,,,,,
,Sagar,Kunda,,,,,,,,,,,,,,,,,,,,,,,,,,
,,,,,,,,,,,,,,,,,,,,,,,,,,,,
Parsa,,,,,,,,,,,,,,,,,,,,,,,,,,,,
,,,,,,,,,,,,,,,,,,,,,,,,,,,,
,Gamharia,Pokhari,,,,,,,,,,,,,,,,,,,,,,,,,,
,Nawagachhi,Dam,,,,,,,,,,,,,,,,,,,,,,,,,,
,Rabidash,Pokhari,,,,,,,,,,,,,,,,,,,,,,,,,,
,Ghadiarwa,Pokhari,,,,,,,,,,,,,,,,,,,,,,,,,,
,Maidiya,Pokhari,,,,,,,,,,,,,,,,,,,,,,,,,,
,nagawa,pokhari,,,,,,,,,,,,,,,,,,,,,,,,,,
,chhapkaiya,pokhari,,,,,,,,,,,,,,,,,,,,,,,,,,
,Kamini,Daha,,,,,,,,,,,,,,,,,,,,,,,,,,
,Banjari,Pokhari,,,,,,,,,,,,,,,,,,,,,,,,,,
,,,,,,,,,,,,,,,,,,,,,,,,,,,,
Ramechaap,,,,,,,,,,,,,,,,,,,,,,,,,,,,
,,,,,,,,,,,,,,,,,,,,,,,,,,,,
,Pokhari,Dada,,,,,,,,,,,,,,,,,,,,,,,,,,
,,,,,,,,,,,,,,,,,,,,,,,,,,,,
Rasuwa,,,,,,,,,,,,,,,,,,,,,,,,,,,,
,,,,,,,,,,,,,,,,,,,,,,,,,,,,
,Gosai,Kund,(Ramsar,Site),,,,,,,,,,,,,,,,,,,,,,,,
,Bhairab,Kund,,,,,,,,,,,,,,,,,,,,,,,,,,
,Surya,kund,,,,,,,,,,,,,,,,,,,,,,,,,,
,,,,,,,,,,,,,,,,,,,,,,,,,,,,
Rautahat,,,,,,,,,,,,,,,,,,,,,,,,,,,,
,,,,,,,,,,,,,,,,,,,,,,,,,,,,
,Bauddhi,Pokhari,,,,,,,,,,,,,,,,,,,,,,,,,,
,Chandi,Pokhari,,,,,,,,,,,,,,,,,,,,,,,,,,
,Dhamaura,Pokhari,,,,,,,,,,,,,,,,,,,,,,,,,,
,Gaur,Pokhari,,,,,,,,,,,,,,,,,,,,,,,,,,
,Mahadev,Pokhari,,,,,,,,,,,,,,,,,,,,,,,,,,
,Mahakar,Pokhari,,,,,,,,,,,,,,,,,,,,,,,,,,
,Mardhar,Pokhari,,,,,,,,,,,,,,,,,,,,,,,,,,
,Nagarpalika,Pokhari,,,,,,,,,,,,,,,,,,,,,,,,,,
,Nunthar,Pokhari,,,,,,,,,,,,,,,,,,,,,,,,,,
,,,,,,,,,,,,,,,,,,,,,,,,,,,,
Sarlahi,,,,,,,,,,,,,,,,,,,,,,,,,,,,
,,,,,,,,,,,,,,,,,,,,,,,,,,,,
,Betini,Daha,,,,,,,,,,,,,,,,,,,,,,,,,,
,Chandragunj,Pokhari,,,,,,,,,,,,,,,,,,,,,,,,,,
,Hatmare,Pokhari,,,,,,,,,,,,,,,,,,,,,,,,,,
,Kerwa,Pokhari,,,,,,,,,,,,,,,,,,,,,,,,,,
,Lekhandehi,Taal,,,,,,,,,,,,,,,,,,,,,,,,,,
,Math,Pokhari,,,,,,,,,,,,,,,,,,,,,,,,,,
,Nadhi,Taal.,Nadhi,Taal,is,about,12/13/21,km,away,from,"Malangwa,",the,headquarter,of,Sarlahi,district,to,the,East-North,direction.,It,is,the,largest,lake,of,Sarlahi,District.
,Nagarpalika,Pokhari,,,,,,,,,,,,,,,,,,,,,,,,,,
,Nassi,Pokhari,,,,,,,,,,,,,,,,,,,,,,,,,,
,Panpiya,Taal,,,,,,,,,,,,,,,,,,,,,,,,,,
,Purano,Pokhari,(Musailiko,Pokhari),,,,,,,,,,,,,,,,,,,,,,,,
,Laxmipur,pokhari,,,,,,,,,,,,,,,,,,,,,,,,,,
,,,,,,,,,,,,,,,,,,,,,,,,,,,,
Sindhuli,,,,,,,,,,,,,,,,,,,,,,,,,,,,
,,,,,,,,,,,,,,,,,,,,,,,,,,,,
,Kund,,,,,,,,,,,,,,,,,,,,,,,,,,,
,Pancha,Kanya,,,,,,,,,,,,,,,,,,,,,,,,,,
,,,,,,,,,,,,,,,,,,,,,,,,,,,,
Sindhupalchowk,,,,,,,,,,,,,,,,,,,,,,,,,,,,
,,,,,,,,,,,,,,,,,,,,,,,,,,,,
,Raithaneshwori,Pokhari,,,,,,,,,,,,,,,,,,,,,,,,,,
,Panch,pokhari,,,,,,,,,,,,,,,,,,,,,,,,,,
,Bahula,pokhari,,,,,,,,,,,,,,,,,,,,,,,,,,
,,,,,,,,,,,,,,,,,,,,,,,,,,,,
Arghakhanchi,,,,,,,,,,,,,,,,,,,,,,,,,,,,
,,,,,,,,,,,,,,,,,,,,,,,,,,,,
,Thada,Daha,,,,,,,,,,,,,,,,,,,,,,,,,,
,Sanglen,Daha,,,,,,,,,,,,,,,,,,,,,,,,,,
,Rata,Pokhari,,,,,,,,,,,,,,,,,,,,,,,,,,
,,,,,,,,,,,,,,,,,,,,,,,,,,,,
Baglung,,,,,,,,,,,,,,,,,,,,,,,,,,,,
,,,,,,,,,,,,,,,,,,,,,,,,,,,,
,Gaja,Daha,,,,,,,,,,,,,,,,,,,,,,,,,,
,Baraha,Pokhari,,,,,,,,,,,,,,,,,,,,,,,,,,
,,,,,,,,,,,,,,,,,,,,,,,,,,,,
Gorkha,,,,,,,,,,,,,,,,,,,,,,,,,,,,
,,,,,,,,,,,,,,,,,,,,,,,,,,,,
,Ghunchok,Pokhari,,,,,,,,,,,,,,,,,,,,,,,,,,
,Tal,Pokhari,,,,,,,,,,,,,,,,,,,,,,,,,,
,Thulo,Pokhari,,,,,,,,,,,,,,,,,,,,,,,,,,
,Mahendra,Taal,,,,,,,,,,,,,,,,,,,,,,,,,,
,Kalchuman,Taal,,,,,,,,,,,,,,,,,,,,,,,,,,
,Birendra,Lake,,,,,,,,,,,,,,,,,,,,,,,,,,
,Rani,Pokhari,,,,,,,,,,,,,,,,,,,,,,,,,,
,,,,,,,,,,,,,,,,,,,,,,,,,,,,
Lumbini,,,,,,,,,,,,,,,,,,,,,,,,,,,,
,,,,,,,,,,,,,,,,,,,,,,,,,,,,
,Gajedi,Taal,,,,,,,,,,,,,,,,,,,,,,,,,,
,Kanchan,khola,,,,,,,,,,,,,,,,,,,,,,,,,,
,,,,,,,,,,,,,,,,,,,,,,,,,,,,
Kaski,,,,,,,,,,,,,,,,,,,,,,,,,,,,
,,,,,,,,,,,,,,,,,,,,,,,,,,,,
,Aalaiche,Pokhari,,,,,,,,,,,,,,,,,,,,,,,,,,
,Bage,Pokhari,,,,,,,,,,,,,,,,,,,,,,,,,,
,Barna,Pokhari,,,,,,,,,,,,,,,,,,,,,,,,,,
,Begnas,Tal,,,,,,,,,,,,,,,,,,,,,,,,,,
,Dipang,lake,,,,,,,,,,,,,,,,,,,,,,,,,,
,Gunde,Tal,,,,,,,,,,,,,,,,,,,,,,,,,,
,Kamal,Pokhari,,,,,,,,,,,,,,,,,,,,,,,,,,
,Khaste,Tal,,,,,,,,,,,,,,,,,,,,,,,,,,
,Maidi,Tal,,,,,,,,,,,,,,,,,,,,,,,,,,
,Naya,Pokhari,,,,,,,,,,,,,,,,,,,,,,,,,,
,Neureni,Tal,,,,,,,,,,,,,,,,,,,,,,,,,,
,Phewa,Tal,,,,,,,,,,,,,,,,,,,,,,,,,,
,Rani,Pokhari,,,,,,,,,,,,,,,,,,,,,,,,,,
,Rupa,Tal,,,,,,,,,,,,,,,,,,,,,,,,,,
,Sani,Pokhari,,,,,,,,,,,,,,,,,,,,,,,,,,
,Siddi,Pokhari,,,,,,,,,,,,,,,,,,,,,,,,,,
,Thulo,Pokhari,,,,,,,,,,,,,,,,,,,,,,,,,,
,,,,,,,,,,,,,,,,,,,,,,,,,,,,
Lamjung,,,,,,,,,,,,,,,,,,,,,,,,,,,,
,,,,,,,,,,,,,,,,,,,,,,,,,,,,
,Damrang,Pokhari,,,,,,,,,,,,,,,,,,,,,,,,,,
,Deurali,Sano,Pokhari,,,,,,,,,,,,,,,,,,,,,,,,,
,Deurali,Thulo,Pokhari,,,,,,,,,,,,,,,,,,,,,,,,,
,Ilam,Pokhari,,,,,,,,,,,,,,,,,,,,,,,,,,
,Murunje,Pokhari,,,,,,,,,,,,,,,,,,,,,,,,,,
,Siddi,Pokhari,,,,,,,,,,,,,,,,,,,,,,,,,,
,Tinghare,Thulo,Pokhari,,,,,,,,,,,,,,,,,,,,,,,,,
,Ulgera,Pokhari,,,,,,,,,,,,,,,,,,,,,,,,,,
,Baraha,Pokhari,,,,,,,,,,,,,,,,,,,,,,,,,,
,,,,,,,,,,,,,,,,,,,,,,,,,,,,
Manang,,,,,,,,,,,,,,,,,,,,,,,,,,,,
,,,,,,,,,,,,,,,,,,,,,,,,,,,,
,Tilicho,lake,,,,,,,,,,,,,,,,,,,,,,,,,,
,Gangapurna,lake,,,,,,,,,,,,,,,,,,,,,,,,,,
,Dhumba,lake,,,,,,,,,,,,,,,,,,,,,,,,,,
,Kajin,Sara,,,,,,,,,,,,,,,,,,,,,,,,,,
,dhumba,lake,,,,,,,,,,,,,,,,,,,,,,,,,,
,Titi,Lake,,,,,,,,,,,,,,,,,,,,,,,,,,
,murchaute,lake,,,,,,,,,,,,,,,,,,,,,,,,,,
,sakum,lake,,,,,,,,,,,,,,,,,,,,,,,,,,
,,,,,,,,,,,,,,,,,,,,,,,,,,,,
Myagdi,,,,,,,,,,,,,,,,,,,,,,,,,,,,
,,,,,,,,,,,,,,,,,,,,,,,,,,,,
,Khair,barahi,tal,,,,,,,,,,,,,,,,,,,,,,,,,
,,,,,,,,,,,,,,,,,,,,,,,,,,,,
Nawalparasi,,,,,,,,,,,,,,,,,,,,,,,,,,,,
,,,,,,,,,,,,,,,,,,,,,,,,,,,,
,Amar,Pokhari,,,,,,,,,,,,,,,,,,,,,,,,,,
,Bauliya,,,,,,,,,,,,,,,,,,,,,,,,,,,
,Buddha,Mangal,Tal,,,,,,,,,,,,,,,,,,,,,,,,,
,Devdaha,Pokhari,,,,,,,,,,,,,,,,,,,,,,,,,,
,Dhanewa,Pokhari,,,,,,,,,,,,,,,,,,,,,,,,,,
,Gaida,Tal,,,,,,,,,,,,,,,,,,,,,,,,,,
,Hadahiya,Tal,,,,,,,,,,,,,,,,,,,,,,,,,,
,Java,Pokhari,,,,,,,,,,,,,,,,,,,,,,,,,,
,Kamal,Pokhari,,,,,,,,,,,,,,,,,,,,,,,,,,
,Loharauli,Pokhari,,,,,,,,,,,,,,,,,,,,,,,,,,
,Pani,Pokhari,,,,,,,,,,,,,,,,,,,,,,,,,,
,Pokhara,(Jeetpur),,,,,,,,,,,,,,,,,,,,,,,,,,
,Pokhara,(Kushma),,,,,,,,,,,,,,,,,,,,,,,,,,
,Pokhara,(Patkauli),,,,,,,,,,,,,,,,,,,,,,,,,,
,Pokhari,(Pali),,,,,,,,,,,,,,,,,,,,,,,,,,
,Pokhari,(Devgaun),,,,,,,,,,,,,,,,,,,,,,,,,,
,Pokhari,Tal,(Mahuwari),,,,,,,,,,,,,,,,,,,,,,,,,
,Purnahawa,Pokhari,,,,,,,,,,,,,,,,,,,,,,,,,,
,Sagada,Pokhari,,,,,,,,,,,,,,,,,,,,,,,,,,
,Sanischare,,,,,,,,,,,,,,,,,,,,,,,,,,,
,Sisani,Pokhari,,,,,,,,,,,,,,,,,,,,,,,,,,
,Swathi,Pokhari,,,,,,,,,,,,,,,,,,,,,,,,,,
,Thulo,Pokhari,,,,,,,,,,,,,,,,,,,,,,,,,,
,Nanda,Vauju,Tal,,,,,,,,,,,,,,,,,,,,,,,,,
,,,,,,,,,,,,,,,,,,,,,,,,,,,,
Palpa,,,,,,,,,,,,,,,,,,,,,,,,,,,,
,,,,,,,,,,,,,,,,,,,,,,,,,,,,
,Kamal,Pokhari,,,,,,,,,,,,,,,,,,,,,,,,,,
,Satyawati,Tal,,,,,,,,,,,,,,,,,,,,,,,,,,
,,,,,,,,,,,,,,,,,,,,,,,,,,,,
Gulmi,,,,,,,,,,,,,,,,,,,,,,,,,,,,
,,,,,,,,,,,,,,,,,,,,,,,,,,,,
,Timure,Tal,,,,,,,,,,,,,,,,,,,,,,,,,,
,dibrung,daha,,,,,,,,,,,,,,,,,,,,,,,,,,
,,,,,,,,,,,,,,,,,,,,,,,,,,,,
Parbat,,,,,,,,,,,,,,,,,,,,,,,,,,,,
,,,,,,,,,,,,,,,,,,,,,,,,,,,,
,Patle,Kharka,Pokhari,,,,,,,,,,,,,,,,,,,,,,,,,
,Sani,Pokhari,,,,,,,,,,,,,,,,,,,,,,,,,,
,Thulo,Pokhari,,,,,,,,,,,,,,,,,,,,,,,,,,
,,,,,,,,,,,,,,,,,,,,,,,,,,,,
Rupandehi,,,,,,,,,,,,,,,,,,,,,,,,,,,,
,,,,,,,,,,,,,,,,,,,,,,,,,,,,
,Badki,Gaddha,Pokhari,,,,,,,,,,,,,,,,,,,,,,,,,
,Bangai,Pokhari,,,,,,,,,,,,,,,,,,,,,,,,,,
,Bhanaiya,,,,,,,,,,,,,,,,,,,,,,,,,,,
,Bhelai,Pokhari,,,,,,,,,,,,,,,,,,,,,,,,,,
,Dube,Pokhari,,,,,,,,,,,,,,,,,,,,,,,,,,
,Gaidahawa,Tal,,,,,,,,,,,,,,,,,,,,,,,,,,
,Gajedi,Tal,,,,,,,,,,,,,,,,,,,,,,,,,,
,Ganwariya,Tal,,,,,,,,,,,,,,,,,,,,,,,,,,
,Gidhiya,Pokhari,,,,,,,,,,,,,,,,,,,,,,,,,,
,Jamuhani,Pokhari,,,,,,,,,,,,,,,,,,,,,,,,,,
,Jamuhani,Pokhari,,,,,,,,,,,,,,,,,,,,,,,,,,
,Karauta,Pokhari,,,,,,,,,,,,,,,,,,,,,,,,,,
,Kurmindihawa,,,,,,,,,,,,,,,,,,,,,,,,,,,
,Kuttwa,Pokhari,,,,,,,,,,,,,,,,,,,,,,,,,,
,Majhagawa,Pokhari,,,,,,,,,,,,,,,,,,,,,,,,,,
,Mohamadnagar,Pokhari,,,,,,,,,,,,,,,,,,,,,,,,,,
,Nala,Pokhari,,,,,,,,,,,,,,,,,,,,,,,,,,
,Paschim,Pokhari,,,,,,,,,,,,,,,,,,,,,,,,,,
,Pipari,Pokhari,,,,,,,,,,,,,,,,,,,,,,,,,,
,Purba,Pokhari,,,,,,,,,,,,,,,,,,,,,,,,,,
,Rayapur,Tal,,,,,,,,,,,,,,,,,,,,,,,,,,
,Rohinihawa,Tal,,,,,,,,,,,,,,,,,,,,,,,,,,
,Sagrahawa,Tal,,,,,,,,,,,,,,,,,,,,,,,,,,
,Shankarpur,Pokhari,,,,,,,,,,,,,,,,,,,,,,,,,,
,Sisausemara,Tal,,,,,,,,,,,,,,,,,,,,,,,,,,
,Tareni,Pokhari,,,,,,,,,,,,,,,,,,,,,,,,,,
,Tiger,Top,Tal,,,,,,,,,,,,,,,,,,,,,,,,,
,Tiwari,Kataiya,Pokhari,,,,,,,,,,,,,,,,,,,,,,,,,
,Thulo,Pokhara,,,,,,,,,,,,,,,,,,,,,,,,,,
,Yekladih,Pokhari,,,,,,,,,,,,,,,,,,,,,,,,,,
,,,,,,,,,,,,,,,,,,,,,,,,,,,,
Syangja,,,,,,,,,,,,,,,,,,,,,,,,,,,,
,,,,,,,,,,,,,,,,,,,,,,,,,,,,
,Panchase,taal,,,,,,,,,,,,,,,,,,,,,,,,,,
,,,,,,,,,,,,,,,,,,,,,,,,,,,,
Tanahu,,,,,,,,,,,,,,,,,,,,,,,,,,,,
,,,,,,,,,,,,,,,,,,,,,,,,,,,,
,Marshyangdi,Reservoir,,,,,,,,,,,,,,,,,,,,,,,,,,
,,,,,,,,,,,,,,,,,,,,,,,,,,,,
Dolpa,,,,,,,,,,,,,,,,,,,,,,,,,,,,
,,,,,,,,,,,,,,,,,,,,,,,,,,,,
,Phoksundo,Lake,,,,,,,,,,,,,,,,,,,,,,,,,,
,Pritha,Daha,,,,,,,,,,,,,,,,,,,,,,,,,,
,Jagadulla,,,,,,,,,,,,,,,,,,,,,,,,,,,
,,,,,,,,,,,,,,,,,,,,,,,,,,,,
Humla,,,,,,,,,,,,,,,,,,,,,,,,,,,,
,,,,,,,,,,,,,,,,,,,,,,,,,,,,
,Salima,tsho,,,,,,,,,,,,,,,,,,,,,,,,,,
,,,,,,,,,,,,,,,,,,,,,,,,,,,,
Jajarkot,,,,,,,,,,,,,,,,,,,,,,,,,,,,
,,,,,,,,,,,,,,,,,,,,,,,,,,,,
,None,,,,,,,,,,,,,,,,,,,,,,,,,,,
,,,,,,,,,,,,,,,,,,,,,,,,,,,,
Jumla,,,,,,,,,,,,,,,,,,,,,,,,,,,,
,,,,,,,,,,,,,,,,,,,,,,,,,,,,
,Jumla,,,,,,,,,,,,,,,,,,,,,,,,,,,
,Giri,daha,,,,,,,,,,,,,,,,,,,,,,,,,,
,Thakurjyu,daha,,,,,,,,,,,,,,,,,,,,,,,,,,
,Sanka,daha,,,,,,,,,,,,,,,,,,,,,,,,,,
,Bistajyu,daha,,,,,,,,,,,,,,,,,,,,,,,,,,
,,,,,,,,,,,,,,,,,,,,,,,,,,,,
Kalikot,,,,,,,,,,,,,,,,,,,,,,,,,,,,
,,,,,,,,,,,,,,,,,,,,,,,,,,,,
,None,,,,,,,,,,,,,,,,,,,,,,,,,,,
,,,,,,,,,,,,,,,,,,,,,,,,,,,,
Mugu,,,,,,,,,,,,,,,,,,,,,,,,,,,,
,,,,,,,,,,,,,,,,,,,,,,,,,,,,
,Rara,Lake,,,,,,,,,,,,,,,,,,,,,,,,,,
,Dudh,Tal,,,,,,,,,,,,,,,,,,,,,,,,,,
,,,,,,,,,,,,,,,,,,,,,,,,,,,,
Pyuthan,,,,,,,,,,,,,,,,,,,,,,,,,,,,
,,,,,,,,,,,,,,,,,,,,,,,,,,,,
,Shiva-Jamuna,Pokhari,(majpokhara),,,,,,,,,,,,,,,,,,,,,,,,,
,,,,,,,,,,,,,,,,,,,,,,,,,,,,
Rolpa,,,,,,,,,,,,,,,,,,,,,,,,,,,,
,,,,,,,,,,,,,,,,,,,,,,,,,,,,
,None,,,,,,,,,,,,,,,,,,,,,,,,,,,
,,,,,,,,,,,,,,,,,,,,,,,,,,,,
Rukum,,,,,,,,,,,,,,,,,,,,,,,,,,,,
,,,,,,,,,,,,,,,,,,,,,,,,,,,,
,Syarphu,Taal,,,,,,,,,,,,,,,,,,,,,,,,,,
,Kamal,Taal,,,,,,,,,,,,,,,,,,,,,,,,,,
,Chhipri,Dah,,,,,,,,,,,,,,,,,,,,,,,,,,
,Thuli,Dah,,,,,,,,,,,,,,,,,,,,,,,,,,
,,,,,,,,,,,,,,,,,,,,,,,,,,,,
Salyan,,,,,,,,,,,,,,,,,,,,,,,,,,,,
,,,,,,,,,,,,,,,,,,,,,,,,,,,,
,Kubinde,Daha,,,,,,,,,,,,,,,,,,,,,,,,,,
,Kachuwa,Daha,,,,,,,,,,,,,,,,,,,,,,,,,,
,,,,,,,,,,,,,,,,,,,,,,,,,,,,
Kailali,,,,,,,,,,,,,,,,,,,,,,,,,,,,
,,,,,,,,,,,,,,,,,,,,,,,,,,,,
,Jakhaur/Jokhar,Tal(Dhangadhi),,,,,,,,,,,,,,,,,,,,,,,,,,
,Ghodaghodi,Tal,(Ramsar,Site),,,,,,,,,,,,,,,,,,,,,,,,
,Machheli,River(Godawari,Seti),,,,,,,,,,,,,,,,,,,,,,,,,
,,,,,,,,,,,,,,,,,,,,,,,,,,,,
Kanchanpur,,,,,,,,,,,,,,,,,,,,,,,,,,,,
,,,,,,,,,,,,,,,,,,,,,,,,,,,,
,Jhilmila,Tal,,,,,,,,,,,,,,,,,,,,,,,,,,
,Bedkot,Tal,,,,,,,,,,,,,,,,,,,,,,,,,,
,Mudka,Tal,,,,,,,,,,,,,,,,,,,,,,,,,,
,Rani,Tal,,,,,,,,,,,,,,,,,,,,,,,,,,
,Sundeu,Tal,,,,,,,,,,,,,,,,,,,,,,,,,,
,Kamal,pokhari,,Daijee,,,,,,,,,,,,,,,,,,,,,,,,
